,Validation_MAE,Validation_MSE
0,2471.556396484375,38.908748626708984
1,13798927360.0,94236.8046875
2,1099.984619140625,24.603439331054688
3,18393042944.0,105824.9609375
4,17148.451171875,116.15390014648438
5,6248.86279296875,56.18495178222656
6,1126.721923828125,18.439205169677734
7,76109643776.0,118643.25
8,58831.53125,176.37327575683594
9,901.2882690429688,23.112751007080078
