,Maximum Pressure,Crank Angle at Maximum Pressure,Maximum Rate of Pressure Rise,BMEP,IMEP,BSFC,BSNOx,BSCO
Test,0.97573566,0.99167055,0.996848,0.9968609,0.9968081,0.9997309,0.99973917,0.9996942
Train,0.9843744,0.9927299,0.9970807,0.9971148,0.9970591,0.9998128,0.9998178,0.9997962
Validation,0.9820675,0.99370456,0.99731195,0.997293,0.9971909,0.999746,0.9997544,0.9997056
