,Maximum Pressure,Crank Angle at Maximum Pressure,Maximum Rate of Pressure Rise,BMEP,IMEP,BSFC,BSNOx,BSCO
Test,0.9827405,0.99369,0.9978092,0.9979606,0.9979309,0.9998847,0.9998869,0.9998721
Train,0.9876613,0.9944451,0.9980076,0.9981121,0.9980594,0.9999243,0.99992526,0.9999204
Validation,0.98812205,0.995587,0.99829745,0.998375,0.9983038,0.99987996,0.9998831,0.99985874
