,Maximum Pressure,Crank Angle at Maximum Pressure,Maximum Rate of Pressure Rise,BMEP,IMEP,BSFC,BSNOx,BSCO
Test,0.98712224,0.99620706,0.9986249,0.99867,0.99863875,0.99992704,0.9999292,0.9999227
Train,0.99196076,0.9970206,0.9988758,0.9988709,0.9988306,0.999945,0.9999465,0.999941
Validation,0.99046415,0.99715877,0.9988644,0.9988324,0.9987935,0.99993443,0.99993646,0.999926
