,Maximum Pressure,Crank Angle at Maximum Pressure,Maximum Rate of Pressure Rise,BMEP,IMEP,BSFC,BSNOx,BSCO
Test,0.98875785,0.9964024,0.99849445,0.9985239,0.9983099,0.9997606,0.999769,0.99976164
Train,0.9907031,0.9964672,0.9985351,0.9985461,0.998355,0.9997913,0.9997988,0.9997949
Validation,0.9863218,0.99600905,0.9982969,0.9983372,0.99811065,0.9997491,0.9997583,0.9997524
