,Maximum Pressure,Crank Angle at Maximum Pressure,Maximum Rate of Pressure Rise,BMEP,IMEP,BSFC,BSNOx,BSCO
Test,0.96593964,0.98786753,0.99573886,0.99582076,0.9956845,0.99980336,0.99980944,0.9997776
Train,0.97593105,0.9895792,0.99621856,0.99625385,0.9960344,0.99986434,0.99986756,0.99984986
Validation,0.978245,0.9918142,0.9968223,0.9968203,0.9965829,0.99981827,0.999824,0.99978685
