,Maximum Pressure,Crank Angle at Maximum Pressure,Maximum Rate of Pressure Rise,BMEP,IMEP,BSFC,BSNOx,BSCO
Test,0.9896805,0.9965965,0.9987992,0.9988849,0.99886316,0.9999456,0.9999464,0.9999442
Train,0.9933753,0.9974109,0.9990532,0.99911237,0.9990975,0.9999583,0.9999592,0.9999577
Validation,0.9930933,0.9977038,0.999098,0.9991415,0.9991182,0.9999478,0.99994916,0.99994516
