,Maximum Pressure,Crank Angle at Maximum Pressure,Maximum Rate of Pressure Rise,BMEP,IMEP,BSFC,BSNOx,BSCO
Test,0.9905014,0.9965868,0.99878556,0.9985546,0.9984813,0.99984956,0.99985373,0.9998246
Train,0.99304885,0.9970288,0.99889493,0.99866253,0.99859285,0.99986666,0.9998708,0.9998438
Validation,0.992438,0.997332,0.9989412,0.99869686,0.99860054,0.99985087,0.9998558,0.9998247
