,Maximum Pressure,Crank Angle at Maximum Pressure,Maximum Rate of Pressure Rise,BMEP,IMEP,BSFC,BSNOx,BSCO
Test,0.9741885,0.99256396,0.9974082,0.9975894,0.9976009,0.9998826,0.99988496,0.9998292
Train,0.98432523,0.9941435,0.99787825,0.998009,0.99801517,0.9999002,0.99990183,0.9998612
Validation,0.982339,0.9946826,0.99795026,0.9980657,0.99803907,0.9998957,0.99989724,0.9998699
